{"cameraMode":{"drawMode":0,"name":"Shaded","section":"Shading Mode"},"sceneLighting":true,"audioPlay":false,"sceneViewState":{"m_AlwaysRefresh":false,"showFog":true,"showSkybox":true,"showFlares":true,"showImageEffects":true,"showParticleSystems":true,"showVisualEffectGraphs":true,"m_FxEnabled":true},"in2DMode":false,"pivot":{"x":-0.050541773438453677,"y":0.48859941959381106,"z":7.19635009765625},"rotation":{"x":-0.0647682473063469,"y":0.0057079847902059559,"z":-0.00037548618274740875,"w":-0.9979707598686218},"size":7.305610179901123,"orthographic":false}