{"cameraMode":{"drawMode":0,"name":"Shaded","section":"Shading Mode"},"sceneLighting":true,"audioPlay":false,"sceneViewState":{"m_AlwaysRefresh":false,"showFog":true,"showSkybox":true,"showFlares":true,"showImageEffects":true,"showParticleSystems":true,"showVisualEffectGraphs":true,"m_FxEnabled":true},"in2DMode":false,"pivot":{"x":55.457340240478519,"y":-34.083778381347659,"z":-0.3805199861526489},"rotation":{"x":0.30137503147125246,"y":0.6407018899917603,"z":-0.30267462134361269,"w":0.6380334496498108},"size":61.807533264160159,"orthographic":false}