{"cameraMode":{"drawMode":0,"name":"Shaded","section":"Shading Mode"},"sceneLighting":true,"audioPlay":false,"sceneViewState":{"m_AlwaysRefresh":false,"showFog":true,"showSkybox":true,"showFlares":true,"showImageEffects":true,"showParticleSystems":true,"showVisualEffectGraphs":true,"m_FxEnabled":true},"in2DMode":false,"pivot":{"x":43.963993072509769,"y":0.8798713684082031,"z":-12.683547019958496},"rotation":{"x":-0.03518461808562279,"y":0.3657871186733246,"z":-0.013825562782585621,"w":-0.9300286769866943},"size":1.0312831401824952,"orthographic":false}