{"cameraMode":{"drawMode":0,"name":"Shaded","section":"Shading Mode"},"sceneLighting":true,"audioPlay":false,"sceneViewState":{"m_AlwaysRefresh":false,"showFog":true,"showSkybox":true,"showFlares":true,"showImageEffects":true,"showParticleSystems":true,"showVisualEffectGraphs":true,"m_FxEnabled":true},"in2DMode":false,"pivot":{"x":5.104842662811279,"y":7.142816066741943,"z":6.809217929840088},"rotation":{"x":0.04207989200949669,"y":0.7146578431129456,"z":-0.04315279424190521,"w":0.6968770623207092},"size":0.24442702531814576,"orthographic":false}